{"site_name":"Sonataruby CRM","site_description":"Demo Script","site_keyword":"Demo Script","icon":"\/upload\/image\/favicon.png","logo":"\/upload\/image\/logo.png","banner":"\/upload\/image\/banner.png","firstname":"Khoa","lastname":"Vo","address":"123","address2":"","country":"bh","city":"HCM","zipcode":"","plugins":"{\"home\\\/slider\":\"Slider\",\"pages\\\/pages\":\"Pages\",\"posts\\\/catalog\":\"Catalog\",\"posts\\\/posts\":\"Posts\"}","site_navbar":"Sonataruby CRM","navbar_icon":"\/upload\/image\/navbar.png"}